"0","library(conflicted) # Use the conflicted package to force all conflicts to become errors"
"0","library(tidyverse)"
"0","conflicts_prefer(dplyr::filter)"
"2","[38;5;232m[90m[conflicted][38;5;232m Removing existing preference.[39m"
"2","[38;5;232m[90m[conflicted][38;5;232m Will prefer [1m[34mdplyr[38;5;232m[22m::filter over any other package.[39m"
"0","conflicts_prefer(dplyr::lag)"
"2","[38;5;232m[90m[conflicted][38;5;232m Removing existing preference.[39m"
"2","[38;5;232m[90m[conflicted][38;5;232m Will prefer [1m[34mdplyr[38;5;232m[22m::lag over any other package.[39m"
"0","conflicts_prefer(dplyr::select)"
"2","[38;5;232m[90m[conflicted][38;5;232m Removing existing preference.[39m"
"2","[38;5;232m[90m[conflicted][38;5;232m Will prefer [1m[34mdplyr[38;5;232m[22m::select over any other package.[39m"
"0","conflicts_prefer(dplyr::mutate)"
"2","[38;5;232m[90m[conflicted][38;5;232m Removing existing preference.[39m"
"2","[38;5;232m[90m[conflicted][38;5;232m Will prefer [1m[34mdplyr[38;5;232m[22m::mutate over any other package.[39m"
"0","conflicts_prefer(dplyr::summarise)"
"2","[38;5;232m[90m[conflicted][38;5;232m Removing existing preference.[39m"
"2","[38;5;232m[90m[conflicted][38;5;232m Will prefer [1m[34mdplyr[38;5;232m[22m::summarise over any other package.[39m"
"0","phoible <- read.csv('./phoible.csv')"
